ALTER TABLE `hus`.`configuraciones_subsecretarias` 
CHANGE COLUMN `nombre` `nombre` VARCHAR(100) NOT NULL ;

INSERT INTO `Configuraciones_secretarias` (`id`, `nombre`, `estado`) VALUES (1,'Infancia y Familia',1);
INSERT INTO `Configuraciones_secretarias` (`id`, `nombre`, `estado`) VALUES (2,'Salud',1);
INSERT INTO `Configuraciones_secretarias` (`id`, `nombre`, `estado`) VALUES (3,'Obras y Espacios Públicos',1);
INSERT INTO `Configuraciones_secretarias` (`id`, `nombre`, `estado`) VALUES (4,'Planeamiento',1);
INSERT INTO `Configuraciones_secretarias` (`id`, `nombre`, `estado`) VALUES (5,'Economia y Hacienda',1);
INSERT INTO `Configuraciones_secretarias` (`id`, `nombre`, `estado`) VALUES (6,'Educación y Cultura',1);
INSERT INTO `Configuraciones_secretarias` (`id`, `nombre`, `estado`) VALUES (7,'Gobierno',1);
INSERT INTO `Configuraciones_secretarias` (`id`, `nombre`, `estado`) VALUES (8,'Seguridad',1);
INSERT INTO `Configuraciones_secretarias` (`id`, `nombre`, `estado`) VALUES (9,'Comunicación y Deporte',1);
INSERT INTO `Configuraciones_secretarias` (`id`, `nombre`, `estado`) VALUES (10,'Jefatura de Gabinete',1);
INSERT INTO `Configuraciones_secretarias` (`id`, `nombre`, `estado`) VALUES (11,'Intendencia',1);


INSERT INTO `Configuraciones_subsecretarias` (`id`,`nombre`, `estado`, `fk_secretaria_id`) VALUES  (1,'Primera Infancia',1,1);
INSERT INTO `Configuraciones_subsecretarias` (`id`,`nombre`, `estado`, `fk_secretaria_id`) VALUES  (2,'Niñez y Juventud',1,1);
INSERT INTO `Configuraciones_subsecretarias` (`id`,`nombre`, `estado`, `fk_secretaria_id`) VALUES  (3,'Bienestar Familiar',1,1);
INSERT INTO `Configuraciones_subsecretarias` (`id`,`nombre`, `estado`, `fk_secretaria_id`) VALUES  (4,'Programas Sociales',1,1);
INSERT INTO `Configuraciones_subsecretarias` (`id`,`nombre`, `estado`, `fk_secretaria_id`) VALUES  (5,'Asistencia Critica',1,1);
INSERT INTO `Configuraciones_subsecretarias` (`id`,`nombre`, `estado`, `fk_secretaria_id`) VALUES  (6,'Gabinete Infancia y Familia',1,1);
INSERT INTO `Configuraciones_subsecretarias` (`id`,`nombre`, `estado`, `fk_secretaria_id`) VALUES  (7,'Dirección General de Coordinación Territorial',1,7);
INSERT INTO `Configuraciones_subsecretarias` (`id`,`nombre`, `estado`, `fk_secretaria_id`) VALUES  (8,'Dirección Médica Ejecutiva de Primer Nivel de Atencion',1,2);
INSERT INTO `Configuraciones_subsecretarias` (`id`,`nombre`, `estado`, `fk_secretaria_id`) VALUES  (9,'Dir Gral Administrativa Hospital Larcade',1,2);

INSERT INTO `Configuraciones_programas` (`nombre`, `estado`, `observaciones`, `fk_subsecretaria_id`) VALUES ('Centros de Desarrollo Infanto Familiar',1,NULL,1);
INSERT INTO `Configuraciones_programas` (`nombre`, `estado`, `observaciones`, `fk_subsecretaria_id`) VALUES ('Proyecto de Vida',1,NULL,1);
INSERT INTO `Configuraciones_programas` (`nombre`, `estado`, `observaciones`, `fk_subsecretaria_id`) VALUES ('Camino de la Embarazada',1,NULL,1);
INSERT INTO `Configuraciones_programas` (`nombre`, `estado`, `observaciones`, `fk_subsecretaria_id`) VALUES ('Mil Dias',1,NULL,1);
INSERT INTO `Configuraciones_programas` (`nombre`, `estado`, `observaciones`, `fk_subsecretaria_id`) VALUES ('360',1,NULL,1);
INSERT INTO `Configuraciones_programas` (`nombre`, `estado`, `observaciones`, `fk_subsecretaria_id`) VALUES ('Envion',1,NULL,2);
INSERT INTO `Configuraciones_programas` (`nombre`, `estado`, `observaciones`, `fk_subsecretaria_id`) VALUES ('Paina',1,NULL,2);
INSERT INTO `Configuraciones_programas` (`nombre`, `estado`, `observaciones`, `fk_subsecretaria_id`) VALUES ('0.18',1,NULL,2);
INSERT INTO `Configuraciones_programas` (`nombre`, `estado`, `observaciones`, `fk_subsecretaria_id`) VALUES ('Dispositivos de Articulación',1,NULL,2);
INSERT INTO `Configuraciones_programas` (`nombre`, `estado`, `observaciones`, `fk_subsecretaria_id`) VALUES ('Coordinación General Pedagógica',1,NULL,2);
INSERT INTO `Configuraciones_programas` (`nombre`, `estado`, `observaciones`, `fk_subsecretaria_id`) VALUES ('Modulos Habitacionales',1,NULL,5);
INSERT INTO `Configuraciones_programas` (`nombre`, `estado`, `observaciones`, `fk_subsecretaria_id`) VALUES ('Entrega de Materiales',1,NULL,5);
INSERT INTO `Configuraciones_programas` (`nombre`, `estado`, `observaciones`, `fk_subsecretaria_id`) VALUES ('Ortopedia',1,NULL,5);
INSERT INTO `Configuraciones_programas` (`nombre`, `estado`, `observaciones`, `fk_subsecretaria_id`) VALUES ('Frescos',1,NULL,5);
INSERT INTO `Configuraciones_programas` (`nombre`, `estado`, `observaciones`, `fk_subsecretaria_id`) VALUES ('Cajas de Alimentos',1,NULL,5);
INSERT INTO `Configuraciones_programas` (`nombre`, `estado`, `observaciones`, `fk_subsecretaria_id`) VALUES ('Traslados',1,NULL,5);
INSERT INTO `Configuraciones_programas` (`nombre`, `estado`, `observaciones`, `fk_subsecretaria_id`) VALUES ('Servicio Local',1,NULL,3);
INSERT INTO `Configuraciones_programas` (`nombre`, `estado`, `observaciones`, `fk_subsecretaria_id`) VALUES ('Violencia Familiar',1,NULL,3);
INSERT INTO `Configuraciones_programas` (`nombre`, `estado`, `observaciones`, `fk_subsecretaria_id`) VALUES ('Situación de Calle',1,NULL,3);
INSERT INTO `Configuraciones_programas` (`nombre`, `estado`, `observaciones`, `fk_subsecretaria_id`) VALUES ('Familias Abrigadoras',1,NULL,3);
INSERT INTO `Configuraciones_programas` (`nombre`, `estado`, `observaciones`, `fk_subsecretaria_id`) VALUES ('Hogar Convivencial San Jose',1,NULL,3);
INSERT INTO `Configuraciones_programas` (`nombre`, `estado`, `observaciones`, `fk_subsecretaria_id`) VALUES ('Hogar Convivencial Casa Nuestra',1,NULL,3);
INSERT INTO `Configuraciones_programas` (`nombre`, `estado`, `observaciones`, `fk_subsecretaria_id`) VALUES ('Autonomía Joven',1,NULL,3);
INSERT INTO `Configuraciones_programas` (`nombre`, `estado`, `observaciones`, `fk_subsecretaria_id`) VALUES ('Programas Sociales',1,NULL,4);
INSERT INTO `Configuraciones_programas` (`nombre`, `estado`, `observaciones`, `fk_subsecretaria_id`) VALUES ('Delegaciones territoriales',1,NULL,7);
INSERT INTO `Configuraciones_programas` (`nombre`, `estado`, `observaciones`, `fk_subsecretaria_id`) VALUES ('CAPS',1,NULL,8);
INSERT INTO `Configuraciones_programas` (`nombre`, `estado`, `observaciones`, `fk_subsecretaria_id`) VALUES ('Servicio Psico-Social Hospital Larcade',1,NULL,9);


INSERT INTO `Configuraciones_organismos` (`nombre`, `tipo`, `calle`, `altura`, `piso`, `barrio`, `localidad`, `telefono`, `email`, `estado`, `observaciones`) VALUES ('CDIF Abriendo Alas','Centro de Desarrollo Infanto Familiar','NULL',NULL,NULL,'NULL',NULL,NULL,NULL,1,NULL);
INSERT INTO `Configuraciones_organismos` (`nombre`, `tipo`, `calle`, `altura`, `piso`, `barrio`, `localidad`, `telefono`, `email`, `estado`, `observaciones`) VALUES ('CDIF Casa del Niño','Centro de Desarrollo Infanto Familiar','NULL',NULL,NULL,'NULL',NULL,NULL,NULL,1,NULL);
INSERT INTO `Configuraciones_organismos` (`nombre`, `tipo`, `calle`, `altura`, `piso`, `barrio`, `localidad`, `telefono`, `email`, `estado`, `observaciones`) VALUES ('CDIF Creciendo Juntos','Centro de Desarrollo Infanto Familiar','NULL',NULL,NULL,'NULL',NULL,NULL,NULL,1,NULL);
INSERT INTO `Configuraciones_organismos` (`nombre`, `tipo`, `calle`, `altura`, `piso`, `barrio`, `localidad`, `telefono`, `email`, `estado`, `observaciones`) VALUES ('CDIF Huellitas de Mitre','Centro de Desarrollo Infanto Familiar','NULL',NULL,NULL,'Mitre',NULL,NULL,NULL,1,NULL);
INSERT INTO `Configuraciones_organismos` (`nombre`, `tipo`, `calle`, `altura`, `piso`, `barrio`, `localidad`, `telefono`, `email`, `estado`, `observaciones`) VALUES ('CDIF La Merced','Centro de Desarrollo Infanto Familiar','NULL',NULL,NULL,'NULL',NULL,NULL,NULL,1,NULL);
INSERT INTO `Configuraciones_organismos` (`nombre`, `tipo`, `calle`, `altura`, `piso`, `barrio`, `localidad`, `telefono`, `email`, `estado`, `observaciones`) VALUES ('CDIF Madre Esperanza','Centro de Desarrollo Infanto Familiar','NULL',NULL,NULL,'Madre Esperanza',NULL,NULL,NULL,1,NULL);
INSERT INTO `Configuraciones_organismos` (`nombre`, `tipo`, `calle`, `altura`, `piso`, `barrio`, `localidad`, `telefono`, `email`, `estado`, `observaciones`) VALUES ('CDIF Rayito de Luz','Centro de Desarrollo Infanto Familiar','NULL',NULL,NULL,'NULL',NULL,NULL,NULL,1,NULL);
INSERT INTO `Configuraciones_organismos` (`nombre`, `tipo`, `calle`, `altura`, `piso`, `barrio`, `localidad`, `telefono`, `email`, `estado`, `observaciones`) VALUES ('CDIF Santa Brigida','Centro de Desarrollo Infanto Familiar','NULL',NULL,NULL,'Santa Brigida',NULL,NULL,NULL,1,NULL);
INSERT INTO `Configuraciones_organismos` (`nombre`, `tipo`, `calle`, `altura`, `piso`, `barrio`, `localidad`, `telefono`, `email`, `estado`, `observaciones`) VALUES ('CDIF Semillitas del Plolo','Centro de Desarrollo Infanto Familiar','NULL',NULL,NULL,'El Polo',NULL,NULL,NULL,1,NULL);
INSERT INTO `Configuraciones_organismos` (`nombre`, `tipo`, `calle`, `altura`, `piso`, `barrio`, `localidad`, `telefono`, `email`, `estado`, `observaciones`) VALUES ('CDIF Marilo','Centro de Desarrollo Infanto Familiar','NULL',NULL,NULL,'NULL',NULL,NULL,NULL,1,NULL);
INSERT INTO `Configuraciones_organismos` (`nombre`, `tipo`, `calle`, `altura`, `piso`, `barrio`, `localidad`, `telefono`, `email`, `estado`, `observaciones`) VALUES ('Casa de la Familia','Centro de Desarrollo Infanto Familiar','NULL',NULL,NULL,'NULL',NULL,NULL,NULL,1,NULL);
INSERT INTO `Configuraciones_organismos` (`nombre`, `tipo`, `calle`, `altura`, `piso`, `barrio`, `localidad`, `telefono`, `email`, `estado`, `observaciones`) VALUES ('Hogar de Cristo Maria Magdalena','Centro de Tratamiento de Adicciones','NULL',NULL,NULL,'NULL',NULL,NULL,NULL,1,NULL);
INSERT INTO `Configuraciones_organismos` (`nombre`, `tipo`, `calle`, `altura`, `piso`, `barrio`, `localidad`, `telefono`, `email`, `estado`, `observaciones`) VALUES ('Centro de Adicciones NET','Centro de Tratamiento de Adicciones','NULL',NULL,NULL,'NULL',NULL,NULL,NULL,1,NULL);
INSERT INTO `Configuraciones_organismos` (`nombre`, `tipo`, `calle`, `altura`, `piso`, `barrio`, `localidad`, `telefono`, `email`, `estado`, `observaciones`) VALUES ('Centro de Salud Rodolfo Podesta','CAPS','Charlone',4553,NULL,'NULL',NULL,NULL,NULL,1,NULL);
INSERT INTO `Configuraciones_organismos` (`nombre`, `tipo`, `calle`, `altura`, `piso`, `barrio`, `localidad`, `telefono`, `email`, `estado`, `observaciones`) VALUES ('Centro de Salud Dr. Alberto Sabin (ex Los Paraisos)','CAPS','Genova',1740,NULL,'NULL',NULL,NULL,NULL,1,NULL);
INSERT INTO `Configuraciones_organismos` (`nombre`, `tipo`, `calle`, `altura`, `piso`, `barrio`, `localidad`, `telefono`, `email`, `estado`, `observaciones`) VALUES ('Centro de Salud Ramon Carrillo','CAPS','Corrientes',5743,NULL,'NULL',NULL,NULL,NULL,1,NULL);
INSERT INTO `Configuraciones_organismos` (`nombre`, `tipo`, `calle`, `altura`, `piso`, `barrio`, `localidad`, `telefono`, `email`, `estado`, `observaciones`) VALUES ('Centro de Salud Dr. Raul Matera (ex Lomas de Marilo)','CAPS','Lamarca',1217,NULL,'NULL',NULL,NULL,NULL,1,NULL);
INSERT INTO `Configuraciones_organismos` (`nombre`, `tipo`, `calle`, `altura`, `piso`, `barrio`, `localidad`, `telefono`, `email`, `estado`, `observaciones`) VALUES ('Centro de Salud Dr. Rene Favaloro (ex Trujui)','CAPS','Aristobulo del Valle',5219,NULL,'NULL',NULL,NULL,NULL,1,NULL);
INSERT INTO `Configuraciones_organismos` (`nombre`, `tipo`, `calle`, `altura`, `piso`, `barrio`, `localidad`, `telefono`, `email`, `estado`, `observaciones`) VALUES ('Centro Integrador Comunitario (C.I.C.) Maria Lobato','CAPS','Av. Ite. Remigio Lopez',710,NULL,'NULL',NULL,NULL,NULL,1,NULL);
INSERT INTO `Configuraciones_organismos` (`nombre`, `tipo`, `calle`, `altura`, `piso`, `barrio`, `localidad`, `telefono`, `email`, `estado`, `observaciones`) VALUES ('Centro de Salud Ana Teresa Barthalot (ex Bella Vista Norte)','CAPS','Scott',771,NULL,'NULL',NULL,NULL,NULL,1,NULL);
INSERT INTO `Configuraciones_organismos` (`nombre`, `tipo`, `calle`, `altura`, `piso`, `barrio`, `localidad`, `telefono`, `email`, `estado`, `observaciones`) VALUES ('Centro de Salud 29 de Septiembre','CAPS','Letonia',4746,NULL,'NULL',NULL,NULL,NULL,1,NULL);
INSERT INTO `Configuraciones_organismos` (`nombre`, `tipo`, `calle`, `altura`, `piso`, `barrio`, `localidad`, `telefono`, `email`, `estado`, `observaciones`) VALUES ('Centro de Salud Dra. Marta Antoniazzi','CAPS','Ite. J. Irigoin',4410,NULL,'NULL',NULL,NULL,NULL,1,NULL);
INSERT INTO `Configuraciones_organismos` (`nombre`, `tipo`, `calle`, `altura`, `piso`, `barrio`, `localidad`, `telefono`, `email`, `estado`, `observaciones`) VALUES ('Centro de Salud Dr. Federico Leloir (Barrio Obligado)','CAPS','Salta',2745,NULL,'NULL',NULL,NULL,NULL,1,NULL);
INSERT INTO `Configuraciones_organismos` (`nombre`, `tipo`, `calle`, `altura`, `piso`, `barrio`, `localidad`, `telefono`, `email`, `estado`, `observaciones`) VALUES ('Centro de Salud Candido Castello','CAPS','Bramante',181,NULL,'NULL',NULL,NULL,NULL,1,NULL);
INSERT INTO `Configuraciones_organismos` (`nombre`, `tipo`, `calle`, `altura`, `piso`, `barrio`, `localidad`, `telefono`, `email`, `estado`, `observaciones`) VALUES ('Centro de Salud Pte. Peron','CAPS','La Pinta',3291,NULL,'NULL',NULL,NULL,NULL,1,NULL);
INSERT INTO `Configuraciones_organismos` (`nombre`, `tipo`, `calle`, `altura`, `piso`, `barrio`, `localidad`, `telefono`, `email`, `estado`, `observaciones`) VALUES ('Direccion del 1er Nivel de Atencion','CAPS','Belgrano',1342,NULL,'NULL',NULL,NULL,NULL,1,NULL);
INSERT INTO `Configuraciones_organismos` (`nombre`, `tipo`, `calle`, `altura`, `piso`, `barrio`, `localidad`, `telefono`, `email`, `estado`, `observaciones`) VALUES ('Centro de Salud UFO','CAPS','Pringles',2774,NULL,'NULL',NULL,NULL,NULL,1,NULL);
INSERT INTO `Configuraciones_organismos` (`nombre`, `tipo`, `calle`, `altura`, `piso`, `barrio`, `localidad`, `telefono`, `email`, `estado`, `observaciones`) VALUES ('Centro de Salud Padre Mora (ex La Casita)','CAPS','J. M. Rosa',2723,NULL,'NULL',NULL,NULL,NULL,1,NULL);
INSERT INTO `Configuraciones_organismos` (`nombre`, `tipo`, `calle`, `altura`, `piso`, `barrio`, `localidad`, `telefono`, `email`, `estado`, `observaciones`) VALUES ('Centro de Salud Camila Rolon','CAPS','Las Heras',956,NULL,'NULL',NULL,NULL,NULL,1,NULL);
INSERT INTO `Configuraciones_organismos` (`nombre`, `tipo`, `calle`, `altura`, `piso`, `barrio`, `localidad`, `telefono`, `email`, `estado`, `observaciones`) VALUES ('Centro de Salud 20 de Julio','CAPS','C. M. de Alvear',1889,NULL,'NULL',NULL,NULL,NULL,1,NULL);
INSERT INTO `Configuraciones_organismos` (`nombre`, `tipo`, `calle`, `altura`, `piso`, `barrio`, `localidad`, `telefono`, `email`, `estado`, `observaciones`) VALUES ('Centro de Salud Cura Brochero (ex 17 de Agosto)','CAPS','Tapalque y Ruta 201',0,NULL,'NULL',NULL,NULL,NULL,1,NULL);
INSERT INTO `Configuraciones_organismos` (`nombre`, `tipo`, `calle`, `altura`, `piso`, `barrio`, `localidad`, `telefono`, `email`, `estado`, `observaciones`) VALUES ('Centro de Salud San Miguel Oeste','CAPS','Mtro. Ferreyra',1800,NULL,'NULL',NULL,NULL,NULL,1,NULL);
INSERT INTO `Configuraciones_organismos` (`nombre`, `tipo`, `calle`, `altura`, `piso`, `barrio`, `localidad`, `telefono`, `email`, `estado`, `observaciones`) VALUES ('Centro de Salud Dr. Luis Suarez Paris','CAPS','Thomas Edison',3283,NULL,'NULL',NULL,NULL,NULL,1,NULL);
INSERT INTO `Configuraciones_organismos` (`nombre`, `tipo`, `calle`, `altura`, `piso`, `barrio`, `localidad`, `telefono`, `email`, `estado`, `observaciones`) VALUES ('Hospital Oftalmologico Municipal Mons. Barbich','Hospital','Av. R. Balbin',4774,NULL,'NULL',NULL,NULL,NULL,1,NULL);
INSERT INTO `Configuraciones_organismos` (`nombre`, `tipo`, `calle`, `altura`, `piso`, `barrio`, `localidad`, `telefono`, `email`, `estado`, `observaciones`) VALUES ('Hospital Oftalmologico y Odontologico Central de San Miguel','Hospital','Av. Pres. J. D. Peron y J. B. Alberdi',0,NULL,'NULL',NULL,NULL,NULL,1,NULL);
INSERT INTO `Configuraciones_organismos` (`nombre`, `tipo`, `calle`, `altura`, `piso`, `barrio`, `localidad`, `telefono`, `email`, `estado`, `observaciones`) VALUES ('Hospital Odontologico','Hospital','Av. Mataldi - 1er piso',1057,NULL,'NULL',NULL,NULL,NULL,1,NULL);
INSERT INTO `Configuraciones_organismos` (`nombre`, `tipo`, `calle`, `altura`, `piso`, `barrio`, `localidad`, `telefono`, `email`, `estado`, `observaciones`) VALUES ('Hospital de Dia Salud Metal','Hospital','Granaderos a Caballo',3001,NULL,'NULL',NULL,NULL,NULL,1,NULL);
INSERT INTO `Configuraciones_organismos` (`nombre`, `tipo`, `calle`, `altura`, `piso`, `barrio`, `localidad`, `telefono`, `email`, `estado`, `observaciones`) VALUES ('Hospital San Miguel Arcangel','Hospital','Av. Mataldi',1057,NULL,'NULL',NULL,NULL,NULL,1,NULL);
INSERT INTO `Configuraciones_organismos` (`nombre`, `tipo`, `calle`, `altura`, `piso`, `barrio`, `localidad`, `telefono`, `email`, `estado`, `observaciones`) VALUES ('Hospital Raul Larcade','Hospital','Av. Pte. Peron esq. Int. Irigoin',2311,NULL,'NULL',NULL,NULL,NULL,1,NULL);
INSERT INTO `Configuraciones_organismos` (`nombre`, `tipo`, `calle`, `altura`, `piso`, `barrio`, `localidad`, `telefono`, `email`, `estado`, `observaciones`) VALUES ('Hospital Santa Maria','Hospital','',NULL,NULL,'NULL',NULL,NULL,NULL,1,NULL);
INSERT INTO `Configuraciones_organismos` (`nombre`, `tipo`, `calle`, `altura`, `piso`, `barrio`, `localidad`, `telefono`, `email`, `estado`, `observaciones`) VALUES ('Base SAME - Indios','Base Same','Pardo y Uriarte',0,NULL,'NULL',NULL,NULL,NULL,1,NULL);
INSERT INTO `Configuraciones_organismos` (`nombre`, `tipo`, `calle`, `altura`, `piso`, `barrio`, `localidad`, `telefono`, `email`, `estado`, `observaciones`) VALUES ('Base SAME - Vicentinos','Base Same','Av. Primera Junta y Platon',0,NULL,'NULL',NULL,NULL,NULL,1,NULL);
INSERT INTO `Configuraciones_organismos` (`nombre`, `tipo`, `calle`, `altura`, `piso`, `barrio`, `localidad`, `telefono`, `email`, `estado`, `observaciones`) VALUES ('Base SAME - Larcade','Base Same','Av. Pte. J. D. Peron e Ite. J. Irigoin',2311,NULL,'NULL',NULL,NULL,NULL,1,NULL);
INSERT INTO `Configuraciones_organismos` (`nombre`, `tipo`, `calle`, `altura`, `piso`, `barrio`, `localidad`, `telefono`, `email`, `estado`, `observaciones`) VALUES ('Base SAME - San Miguel Arcangel','Base Same','Av. Mataldi',1057,NULL,'NULL',NULL,NULL,NULL,1,NULL);
INSERT INTO `Configuraciones_organismos` (`nombre`, `tipo`, `calle`, `altura`, `piso`, `barrio`, `localidad`, `telefono`, `email`, `estado`, `observaciones`) VALUES ('Centro Paina B° Mitre','Centro Paina','NULL',NULL,NULL,'Mitre',NULL,NULL,NULL,1,NULL);
INSERT INTO `Configuraciones_organismos` (`nombre`, `tipo`, `calle`, `altura`, `piso`, `barrio`, `localidad`, `telefono`, `email`, `estado`, `observaciones`) VALUES ('Centro Paina B° Trujui','Centro Paina','NULL',NULL,NULL,'Trujui',NULL,NULL,NULL,1,NULL);
INSERT INTO `Configuraciones_organismos` (`nombre`, `tipo`, `calle`, `altura`, `piso`, `barrio`, `localidad`, `telefono`, `email`, `estado`, `observaciones`) VALUES ('Centro Paina B° Don Alfonso','Centro Paina','NULL',NULL,NULL,'Don Alfonso',NULL,NULL,NULL,1,NULL);
INSERT INTO `Configuraciones_organismos` (`nombre`, `tipo`, `calle`, `altura`, `piso`, `barrio`, `localidad`, `telefono`, `email`, `estado`, `observaciones`) VALUES ('Centro Paina B° San Ambrosio','Centro Paina','NULL',NULL,NULL,'San Ambrosio',NULL,NULL,NULL,1,NULL);
INSERT INTO `Configuraciones_organismos` (`nombre`, `tipo`, `calle`, `altura`, `piso`, `barrio`, `localidad`, `telefono`, `email`, `estado`, `observaciones`) VALUES ('Centro Paina B° Obligado','Centro Paina','NULL',NULL,NULL,'Obligado',NULL,NULL,NULL,1,NULL);
INSERT INTO `Configuraciones_organismos` (`nombre`, `tipo`, `calle`, `altura`, `piso`, `barrio`, `localidad`, `telefono`, `email`, `estado`, `observaciones`) VALUES ('Envion Don Alfonso','Centro Envion','NULL',NULL,NULL,'Don Alfonso',NULL,NULL,NULL,1,NULL);
INSERT INTO `Configuraciones_organismos` (`nombre`, `tipo`, `calle`, `altura`, `piso`, `barrio`, `localidad`, `telefono`, `email`, `estado`, `observaciones`) VALUES ('Envion Obligado','Centro Envion','NULL',NULL,NULL,'Obligado',NULL,NULL,NULL,1,NULL);
INSERT INTO `Configuraciones_organismos` (`nombre`, `tipo`, `calle`, `altura`, `piso`, `barrio`, `localidad`, `telefono`, `email`, `estado`, `observaciones`) VALUES ('Envion San Jorge','Centro Envion','NULL',NULL,NULL,'San Jorge',NULL,NULL,NULL,1,NULL);
INSERT INTO `Configuraciones_organismos` (`nombre`, `tipo`, `calle`, `altura`, `piso`, `barrio`, `localidad`, `telefono`, `email`, `estado`, `observaciones`) VALUES ('Envion San Ambrosio','Centro Envion','NULL',NULL,NULL,'San Ambrosio',NULL,NULL,NULL,1,NULL);
INSERT INTO `Configuraciones_organismos` (`nombre`, `tipo`, `calle`, `altura`, `piso`, `barrio`, `localidad`, `telefono`, `email`, `estado`, `observaciones`) VALUES ('Envion Santa Brigida','Centro Envion','NULL',NULL,NULL,'Santa Brigida',NULL,NULL,NULL,1,NULL);
INSERT INTO `Configuraciones_organismos` (`nombre`, `tipo`, `calle`, `altura`, `piso`, `barrio`, `localidad`, `telefono`, `email`, `estado`, `observaciones`) VALUES ('Centro 0.18 B° Mitre','Centro 0.18','NULL',NULL,NULL,'Mitre',NULL,NULL,NULL,1,NULL);
INSERT INTO `Configuraciones_organismos` (`nombre`, `tipo`, `calle`, `altura`, `piso`, `barrio`, `localidad`, `telefono`, `email`, `estado`, `observaciones`) VALUES ('Centro 0.18 B° Trujui','Centro 0.19','NULL',NULL,NULL,'Trujui',NULL,NULL,NULL,1,NULL);
INSERT INTO `Configuraciones_organismos` (`nombre`, `tipo`, `calle`, `altura`, `piso`, `barrio`, `localidad`, `telefono`, `email`, `estado`, `observaciones`) VALUES ('Centro 0.18 B° Barrufaldi','Centro 0.20','NULL',NULL,NULL,'Barrufaldi',NULL,NULL,NULL,1,NULL);
INSERT INTO `Configuraciones_organismos` (`nombre`, `tipo`, `calle`, `altura`, `piso`, `barrio`, `localidad`, `telefono`, `email`, `estado`, `observaciones`) VALUES ('Centro 0.18 B° San Jorge','Centro 0.21','NULL',NULL,NULL,'San Jorge',NULL,NULL,NULL,1,NULL);
INSERT INTO `Configuraciones_organismos` (`nombre`, `tipo`, `calle`, `altura`, `piso`, `barrio`, `localidad`, `telefono`, `email`, `estado`, `observaciones`) VALUES ('Centro 0.18 B° Santa Brigida','Centro 0.22','NULL',NULL,NULL,'Santa Brigida',NULL,NULL,NULL,1,NULL);
INSERT INTO `Configuraciones_organismos` (`nombre`, `tipo`, `calle`, `altura`, `piso`, `barrio`, `localidad`, `telefono`, `email`, `estado`, `observaciones`) VALUES ('Centro 0.18 B° San Ambrosio','Centro 0.23','NULL',NULL,NULL,'San Ambrosio',NULL,NULL,NULL,1,NULL);
INSERT INTO `Configuraciones_organismos` (`nombre`, `tipo`, `calle`, `altura`, `piso`, `barrio`, `localidad`, `telefono`, `email`, `estado`, `observaciones`) VALUES ('Centro 0.18 B° Don Alfonso','Centro 0.24','NULL',NULL,NULL,'Don Alfonso',NULL,NULL,NULL,1,NULL);
INSERT INTO `Configuraciones_organismos` (`nombre`, `tipo`, `calle`, `altura`, `piso`, `barrio`, `localidad`, `telefono`, `email`, `estado`, `observaciones`) VALUES ('Centro 0.18 B° Colibri','Centro 0.25','NULL',NULL,NULL,'NULL',NULL,NULL,NULL,1,NULL);
INSERT INTO `Configuraciones_organismos` (`nombre`, `tipo`, `calle`, `altura`, `piso`, `barrio`, `localidad`, `telefono`, `email`, `estado`, `observaciones`) VALUES ('Centro 0.18 B° Obligado','Centro 0.26','NULL',NULL,NULL,'Obligado',NULL,NULL,NULL,1,NULL);
INSERT INTO `Configuraciones_organismos` (`nombre`, `tipo`, `calle`, `altura`, `piso`, `barrio`, `localidad`, `telefono`, `email`, `estado`, `observaciones`) VALUES ('Centro 0.18 B° El Faro','Centro 0.27','NULL',NULL,NULL,'El Faro',NULL,NULL,NULL,1,NULL);
INSERT INTO `Configuraciones_organismos` (`nombre`, `tipo`, `calle`, `altura`, `piso`, `barrio`, `localidad`, `telefono`, `email`, `estado`, `observaciones`) VALUES ('Delegacion Zona 1','Coordinación Territorial','J.Jose Paso 4446 Mitre , Polo',NULL,NULL,'NULL',NULL,NULL,NULL,1,NULL);
INSERT INTO `Configuraciones_organismos` (`nombre`, `tipo`, `calle`, `altura`, `piso`, `barrio`, `localidad`, `telefono`, `email`, `estado`, `observaciones`) VALUES ('Delegacion Zona 2','Coordinación Territorial','Primera junta 431 Belgrano y Rosa mistica',NULL,NULL,'NULL',NULL,NULL,NULL,1,NULL);
INSERT INTO `Configuraciones_organismos` (`nombre`, `tipo`, `calle`, `altura`, `piso`, `barrio`, `localidad`, `telefono`, `email`, `estado`, `observaciones`) VALUES ('Delegacion Zona 3','Coordinación Territorial','Gra.a caballo 3100 San jorge - Santa Anita',NULL,NULL,'NULL',NULL,NULL,NULL,1,NULL);
INSERT INTO `Configuraciones_organismos` (`nombre`, `tipo`, `calle`, `altura`, `piso`, `barrio`, `localidad`, `telefono`, `email`, `estado`, `observaciones`) VALUES ('Delegacion Zona 4','Coordinación Territorial','Tomas Edison 3267 Don alfonso',NULL,NULL,'NULL',NULL,NULL,NULL,1,NULL);
INSERT INTO `Configuraciones_organismos` (`nombre`, `tipo`, `calle`, `altura`, `piso`, `barrio`, `localidad`, `telefono`, `email`, `estado`, `observaciones`) VALUES ('Delegacion Zona 5','Coordinación Territorial','Miguel Cane 5351 Santa Brigida',NULL,NULL,'NULL',NULL,NULL,NULL,1,NULL);
INSERT INTO `Configuraciones_organismos` (`nombre`, `tipo`, `calle`, `altura`, `piso`, `barrio`, `localidad`, `telefono`, `email`, `estado`, `observaciones`) VALUES ('Delegacion Zona 6','Coordinación Territorial','La Pinta 3291 Santa Brigida',NULL,NULL,'NULL',NULL,NULL,NULL,1,NULL);
INSERT INTO `Configuraciones_organismos` (`nombre`, `tipo`, `calle`, `altura`, `piso`, `barrio`, `localidad`, `telefono`, `email`, `estado`, `observaciones`) VALUES ('Delegacion Zona 7','Coordinación Territorial','Genova 1347 Los paraisos y La estrella',NULL,NULL,'NULL',NULL,NULL,NULL,1,NULL);
INSERT INTO `Configuraciones_organismos` (`nombre`, `tipo`, `calle`, `altura`, `piso`, `barrio`, `localidad`, `telefono`, `email`, `estado`, `observaciones`) VALUES ('Delegacion Zona 8','Coordinación Territorial','España 4770 La Gloria, Sarmiento',NULL,NULL,'NULL',NULL,NULL,NULL,1,NULL);
INSERT INTO `Configuraciones_organismos` (`nombre`, `tipo`, `calle`, `altura`, `piso`, `barrio`, `localidad`, `telefono`, `email`, `estado`, `observaciones`) VALUES ('Delegacion Zona 9','Coordinación Territorial','Defensa y Balvin El colibri',NULL,NULL,'NULL',NULL,NULL,NULL,1,NULL);
INSERT INTO `Configuraciones_organismos` (`nombre`, `tipo`, `calle`, `altura`, `piso`, `barrio`, `localidad`, `telefono`, `email`, `estado`, `observaciones`) VALUES ('Delegacion Zona 10','Coordinación Territorial','Malnatti 2151 San Miguel centro',NULL,NULL,'NULL',NULL,NULL,NULL,1,NULL);
INSERT INTO `Configuraciones_organismos` (`nombre`, `tipo`, `calle`, `altura`, `piso`, `barrio`, `localidad`, `telefono`, `email`, `estado`, `observaciones`) VALUES ('Delegacion Zona 11','Coordinación Territorial','Rodriguez Peña 4880 Mitre',NULL,NULL,'NULL',NULL,NULL,NULL,1,NULL);
INSERT INTO `Configuraciones_organismos` (`nombre`, `tipo`, `calle`, `altura`, `piso`, `barrio`, `localidad`, `telefono`, `email`, `estado`, `observaciones`) VALUES ('Delegacion Zona 12','Coordinación Territorial','A.del Valle 5221 Trujui',NULL,NULL,'NULL',NULL,NULL,NULL,1,NULL);
INSERT INTO `Configuraciones_organismos` (`nombre`, `tipo`, `calle`, `altura`, `piso`, `barrio`, `localidad`, `telefono`, `email`, `estado`, `observaciones`) VALUES ('Delegacion Zona 13','Coordinación Territorial','J.Jose Paso 4446 Mitre , Polo',NULL,NULL,'NULL',NULL,NULL,NULL,1,NULL);
INSERT INTO `Configuraciones_organismos` (`nombre`, `tipo`, `calle`, `altura`, `piso`, `barrio`, `localidad`, `telefono`, `email`, `estado`, `observaciones`) VALUES ('Delegacion Zona 14','Coordinación Territorial','M.Sarmiento 532 Cuartel II y El Faro',NULL,NULL,'NULL',NULL,NULL,NULL,1,NULL);
INSERT INTO `Configuraciones_organismos` (`nombre`, `tipo`, `calle`, `altura`, `piso`, `barrio`, `localidad`, `telefono`, `email`, `estado`, `observaciones`) VALUES ('Delegacion Zona 15','Coordinación Territorial','Saavedra y las vias Muñiz',NULL,NULL,'NULL',NULL,NULL,NULL,1,NULL);
INSERT INTO `Configuraciones_organismos` (`nombre`, `tipo`, `calle`, `altura`, `piso`, `barrio`, `localidad`, `telefono`, `email`, `estado`, `observaciones`) VALUES ('Delegacion Zona 16','Coordinación Territorial','Av Ricchieri 762 Bella Vista Norte',NULL,NULL,'NULL',NULL,NULL,NULL,1,NULL);
INSERT INTO `Configuraciones_organismos` (`nombre`, `tipo`, `calle`, `altura`, `piso`, `barrio`, `localidad`, `telefono`, `email`, `estado`, `observaciones`) VALUES ('Delegacion Zona 17','Coordinación Territorial','Mattaldi 1048 Mattaldi',NULL,NULL,'NULL',NULL,NULL,NULL,1,NULL);
INSERT INTO `Configuraciones_organismos` (`nombre`, `tipo`, `calle`, `altura`, `piso`, `barrio`, `localidad`, `telefono`, `email`, `estado`, `observaciones`) VALUES ('Delegacion Zona 18','Coordinación Territorial','Rio Negro 1645 Barrufaldi',NULL,NULL,'NULL',NULL,NULL,NULL,1,NULL);
INSERT INTO `Configuraciones_organismos` (`nombre`, `tipo`, `calle`, `altura`, `piso`, `barrio`, `localidad`, `telefono`, `email`, `estado`, `observaciones`) VALUES ('Delegacion Zona 19','Coordinación Territorial','Rio Cuarto 2648 Obligado',NULL,NULL,'NULL',NULL,NULL,NULL,1,NULL);
INSERT INTO `Configuraciones_organismos` (`nombre`, `tipo`, `calle`, `altura`, `piso`, `barrio`, `localidad`, `telefono`, `email`, `estado`, `observaciones`) VALUES ('Delegacion Zona 20','Coordinación Territorial','Mariano Moreno 5657 Marilo, Parque la luz',NULL,NULL,'NULL',NULL,NULL,NULL,1,NULL);
INSERT INTO `Configuraciones_organismos` (`nombre`, `tipo`, `calle`, `altura`, `piso`, `barrio`, `localidad`, `telefono`, `email`, `estado`, `observaciones`) VALUES ('Delegacion Zona 21','Coordinación Territorial','Corrientes 5751 San Ambrosio',NULL,NULL,'NULL',NULL,NULL,NULL,1,NULL);
INSERT INTO `Configuraciones_organismos` (`nombre`, `tipo`, `calle`, `altura`, `piso`, `barrio`, `localidad`, `telefono`, `email`, `estado`, `observaciones`) VALUES ('Delegacion Zona 22','Coordinación Territorial','Gaspar Campos 1551 Bella Vista Joven',NULL,NULL,'NULL',NULL,NULL,NULL,1,NULL);
INSERT INTO `Configuraciones_organismos` (`nombre`, `tipo`, `calle`, `altura`, `piso`, `barrio`, `localidad`, `telefono`, `email`, `estado`, `observaciones`) VALUES ('Delegacion Zona 23','Coordinación Territorial',"O' Higgins 1381 Bella Vista",NULL,NULL,'NULL',NULL,NULL,NULL,1,NULL);
INSERT INTO `Configuraciones_organismos` (`nombre`, `tipo`, `calle`, `altura`, `piso`, `barrio`, `localidad`, `telefono`, `email`, `estado`, `observaciones`) VALUES ('Delegacion Zona 24','Coordinación Territorial','Belgrano 3830 San Ignacio, Parque San Ignacio',NULL,NULL,'NULL',NULL,NULL,NULL,1,NULL);
INSERT INTO `Configuraciones_organismos` (`nombre`, `tipo`, `calle`, `altura`, `piso`, `barrio`, `localidad`, `telefono`, `email`, `estado`, `observaciones`) VALUES ('Delegacion Zona 25','Coordinación Territorial','Farias 857 Bella Vista Oeste, Muñiz Oeste',NULL,NULL,'NULL',NULL,NULL,NULL,1,NULL);
INSERT INTO `Configuraciones_organismos` (`nombre`, `tipo`, `calle`, `altura`, `piso`, `barrio`, `localidad`, `telefono`, `email`, `estado`, `observaciones`) VALUES ('Delegacion Zona 26','Coordinación Territorial','Charlone 1460 San Miguel- El Tato',NULL,NULL,'NULL',NULL,NULL,NULL,1,NULL);
INSERT INTO `Configuraciones_organismos` (`nombre`, `tipo`, `calle`, `altura`, `piso`, `barrio`, `localidad`, `telefono`, `email`, `estado`, `observaciones`) VALUES ('Delegacion Zona 27','Coordinación Territorial','Pringles 2774 Manuelita , Bello Horizonte',NULL,NULL,'NULL',NULL,NULL,NULL,1,NULL);
INSERT INTO `Configuraciones_organismos` (`nombre`, `tipo`, `calle`, `altura`, `piso`, `barrio`, `localidad`, `telefono`, `email`, `estado`, `observaciones`) VALUES ('Delegacion Zona 28','Coordinación Territorial','Remigio Lopez 2688 Sarmiento',NULL,NULL,'NULL',NULL,NULL,NULL,1,NULL);
INSERT INTO `Configuraciones_organismos` (`nombre`, `tipo`, `calle`, `altura`, `piso`, `barrio`, `localidad`, `telefono`, `email`, `estado`, `observaciones`) VALUES ('Proyecto de Vida Barrufaldi','PDV','NULL',NULL,NULL,'NULL',NULL,NULL,NULL,1,NULL);
INSERT INTO `Configuraciones_organismos` (`nombre`, `tipo`, `calle`, `altura`, `piso`, `barrio`, `localidad`, `telefono`, `email`, `estado`, `observaciones`) VALUES ('Proyecto de Vida Madre Esperanza','PDV','NULL',NULL,NULL,'NULL',NULL,NULL,NULL,1,NULL);
INSERT INTO `Configuraciones_organismos` (`nombre`, `tipo`, `calle`, `altura`, `piso`, `barrio`, `localidad`, `telefono`, `email`, `estado`, `observaciones`) VALUES ('360 Mitre','PDV','NULL',NULL,NULL,'NULL',NULL,NULL,NULL,1,NULL);
INSERT INTO `Configuraciones_organismos` (`nombre`, `tipo`, `calle`, `altura`, `piso`, `barrio`, `localidad`, `telefono`, `email`, `estado`, `observaciones`) VALUES ('Proyecto de Vida Parque La Luz','PDV','NULL',NULL,NULL,'NULL',NULL,NULL,NULL,1,NULL);
INSERT INTO `Configuraciones_organismos` (`nombre`, `tipo`, `calle`, `altura`, `piso`, `barrio`, `localidad`, `telefono`, `email`, `estado`, `observaciones`) VALUES ('Proyecto de Vida Santa Brigida','PDV','NULL',NULL,NULL,'NULL',NULL,NULL,NULL,1,NULL);
INSERT INTO `Configuraciones_organismos` (`nombre`, `tipo`, `calle`, `altura`, `piso`, `barrio`, `localidad`, `telefono`, `email`, `estado`, `observaciones`) VALUES ('Proyecto de Vida Trujui','PDV','NULL',NULL,NULL,'NULL',NULL,NULL,NULL,1,NULL);
INSERT INTO `Configuraciones_organismos` (`nombre`, `tipo`, `calle`, `altura`, `piso`, `barrio`, `localidad`, `telefono`, `email`, `estado`, `observaciones`) VALUES ('CIT','Externo','NULL',NULL,NULL,'NULL',NULL,NULL,NULL,1,NULL);
INSERT INTO `Configuraciones_organismos` (`nombre`, `tipo`, `calle`, `altura`, `piso`, `barrio`, `localidad`, `telefono`, `email`, `estado`, `observaciones`) VALUES ('Conin','Externo','NULL',NULL,NULL,'NULL',NULL,NULL,NULL,1,NULL);
INSERT INTO `Configuraciones_organismos` (`nombre`, `tipo`, `calle`, `altura`, `piso`, `barrio`, `localidad`, `telefono`, `email`, `estado`, `observaciones`) VALUES ('Juzgados','Externo','NULL',NULL,NULL,'NULL',NULL,NULL,NULL,1,NULL);
INSERT INTO `Configuraciones_organismos` (`nombre`, `tipo`, `calle`, `altura`, `piso`, `barrio`, `localidad`, `telefono`, `email`, `estado`, `observaciones`) VALUES ('Violencia Familiar','Acompañamiento Familiar','NULL',NULL,NULL,'NULL',NULL,NULL,NULL,1,NULL);
INSERT INTO `Configuraciones_organismos` (`nombre`, `tipo`, `calle`, `altura`, `piso`, `barrio`, `localidad`, `telefono`, `email`, `estado`, `observaciones`) VALUES ('Escuelas y/o Jardines','Externo','NULL',NULL,NULL,'NULL',NULL,NULL,NULL,1,NULL);
INSERT INTO `Configuraciones_organismos` (`nombre`, `tipo`, `calle`, `altura`, `piso`, `barrio`, `localidad`, `telefono`, `email`, `estado`, `observaciones`) VALUES ('Asociaciones barriales','Externo','NULL',NULL,NULL,'NULL',NULL,NULL,NULL,1,NULL);
INSERT INTO `Configuraciones_organismos` (`nombre`, `tipo`, `calle`, `altura`, `piso`, `barrio`, `localidad`, `telefono`, `email`, `estado`, `observaciones`) VALUES ('Iglesia','Externo','NULL',NULL,NULL,'NULL',NULL,NULL,NULL,1,NULL);
INSERT INTO `Configuraciones_organismos` (`nombre`, `tipo`, `calle`, `altura`, `piso`, `barrio`, `localidad`, `telefono`, `email`, `estado`, `observaciones`) VALUES ('Consejería de la Mujer','Externo','NULL',NULL,NULL,'NULL',NULL,NULL,NULL,1,NULL);
INSERT INTO `Configuraciones_organismos` (`nombre`, `tipo`, `calle`, `altura`, `piso`, `barrio`, `localidad`, `telefono`, `email`, `estado`, `observaciones`) VALUES ('Casa verde','Acompañamiento Familiar','NULL',NULL,NULL,'NULL',NULL,NULL,NULL,1,NULL);


INSERT INTO `Configuraciones_planessociales` (`nombre`, `jurisdiccion`, `estado`, `observaciones`) VALUES ('Asignación universal por embarazo ','Nacional',1,'Activo');
INSERT INTO `Configuraciones_planessociales` (`nombre`, `jurisdiccion`, `estado`, `observaciones`) VALUES ('Asignación Universal por Hijo ','Nacional',1,'Activo');
INSERT INTO `Configuraciones_planessociales` (`nombre`, `jurisdiccion`, `estado`, `observaciones`) VALUES ('Cooperativas ','Nacional',1,'Activo');
INSERT INTO `Configuraciones_planessociales` (`nombre`, `jurisdiccion`, `estado`, `observaciones`) VALUES ('Envión ','Provincial',1,'Activo');
INSERT INTO `Configuraciones_planessociales` (`nombre`, `jurisdiccion`, `estado`, `observaciones`) VALUES ('Pensión madre de 7 hijos ','Nacional',1,'Activo');
INSERT INTO `Configuraciones_planessociales` (`nombre`, `jurisdiccion`, `estado`, `observaciones`) VALUES ('Pensión por viudez ','Nacional',1,'Activo');
INSERT INTO `Configuraciones_planessociales` (`nombre`, `jurisdiccion`, `estado`, `observaciones`) VALUES ('Plan 1000 Días (ANSES) ','Nacional',1,'Activo');
INSERT INTO `Configuraciones_planessociales` (`nombre`, `jurisdiccion`, `estado`, `observaciones`) VALUES ('Plan Mas Vida ','Nacional',1,'Activo');
INSERT INTO `Configuraciones_planessociales` (`nombre`, `jurisdiccion`, `estado`, `observaciones`) VALUES ('Becas Educativas Progresar','Nacional',1,'Activo');
INSERT INTO `Configuraciones_planessociales` (`nombre`, `jurisdiccion`, `estado`, `observaciones`) VALUES (' Pensión por discapacidad ','Nacional',1,'Activo');
INSERT INTO `Configuraciones_planessociales` (`nombre`, `jurisdiccion`, `estado`, `observaciones`) VALUES ('Subsidio ','Municipal',1,'Activo');
INSERT INTO `Configuraciones_planessociales` (`nombre`, `jurisdiccion`, `estado`, `observaciones`) VALUES ('Tarjeta Alimentar ','Nacional',1,'Activo');
INSERT INTO `Configuraciones_planessociales` (`nombre`, `jurisdiccion`, `estado`, `observaciones`) VALUES ('Pension No contributiva por Vejez','Nacional',1,'Activo');
INSERT INTO `Configuraciones_planessociales` (`nombre`, `jurisdiccion`, `estado`, `observaciones`) VALUES ('Pension universal para el Adulto Mayor','Nacional',1,'Activo');
INSERT INTO `Configuraciones_planessociales` (`nombre`, `jurisdiccion`, `estado`, `observaciones`) VALUES ('Programa Volver al Trabajo','Nacional',1,'Activo');
INSERT INTO `Configuraciones_planessociales` (`nombre`, `jurisdiccion`, `estado`, `observaciones`) VALUES ('Programa de Acompañamiento Social','Nacional',1,'Activo');
INSERT INTO `Configuraciones_planessociales` (`nombre`, `jurisdiccion`, `estado`, `observaciones`) VALUES ('Programa de Acompañamiento para el Egreso de Jovenes sin Cuidados Parentales','Nacional',1,'Activo');
INSERT INTO `Configuraciones_planessociales` (`nombre`, `jurisdiccion`, `estado`, `observaciones`) VALUES ('Reparacion Economica RENNYA "Ley Brisa"','Nacional',1,'Activo');
INSERT INTO `Configuraciones_planessociales` (`nombre`, `jurisdiccion`, `estado`, `observaciones`) VALUES ('Plan Nacional de Proteccion Social','Nacional',1,'Activo');
INSERT INTO `Configuraciones_planessociales` (`nombre`, `jurisdiccion`, `estado`, `observaciones`) VALUES ('Monotributo Social','Nacional',1,'Activo');
INSERT INTO `Configuraciones_planessociales` (`nombre`, `jurisdiccion`, `estado`, `observaciones`) VALUES ('Programa Hogares con Garrafa','Nacional',1,'Activo');
INSERT INTO `Configuraciones_planessociales` (`nombre`, `jurisdiccion`, `estado`, `observaciones`) VALUES ('Tarifa Social Federal al Transporte Publico','Nacional',1,'Activo');
INSERT INTO `Configuraciones_planessociales` (`nombre`, `jurisdiccion`, `estado`, `observaciones`) VALUES ('Subsidios al consumo de energia, electricidad y gas natural','Nacional',1,'Activo');
INSERT INTO `Configuraciones_planessociales` (`nombre`, `jurisdiccion`, `estado`, `observaciones`) VALUES ('Microcreditos','Nacional',1,'Activo');


INSERT INTO `Configuraciones_vacantes` (`nombre`, `observaciones`, `estado`, `fk_organismo_id`, `fk_programa_id`, `tipo_vacante`) VALUES ('Sala 1/ bebés (Mañana)',NULL,1,1,1,'Generica');
INSERT INTO `Configuraciones_vacantes` (`nombre`, `observaciones`, `estado`, `fk_organismo_id`, `fk_programa_id`, `tipo_vacante`) VALUES ('Sala 1/ bebés (Tarde)',NULL,1,1,1,'Generica');
INSERT INTO `Configuraciones_vacantes` (`nombre`, `observaciones`, `estado`, `fk_organismo_id`, `fk_programa_id`, `tipo_vacante`) VALUES ('Sala 2 (Mañana)',NULL,1,1,1,'Generica');
INSERT INTO `Configuraciones_vacantes` (`nombre`, `observaciones`, `estado`, `fk_organismo_id`, `fk_programa_id`, `tipo_vacante`) VALUES ('Sala 2 (Tarde)',NULL,1,1,1,'Generica');
INSERT INTO `Configuraciones_vacantes` (`nombre`, `observaciones`, `estado`, `fk_organismo_id`, `fk_programa_id`, `tipo_vacante`) VALUES ('Sala 3 (Mañana)',NULL,1,1,1,'Generica');
INSERT INTO `Configuraciones_vacantes` (`nombre`, `observaciones`, `estado`, `fk_organismo_id`, `fk_programa_id`, `tipo_vacante`) VALUES ('Sala 3 (Tarde)',NULL,1,1,1,'Generica');
INSERT INTO `Configuraciones_vacantes` (`nombre`, `observaciones`, `estado`, `fk_organismo_id`, `fk_programa_id`, `tipo_vacante`) VALUES ('Sala 3 (Mañana)',NULL,1,2,1,'Generica');
INSERT INTO `Configuraciones_vacantes` (`nombre`, `observaciones`, `estado`, `fk_organismo_id`, `fk_programa_id`, `tipo_vacante`) VALUES ('Sala 3 (Tarde)',NULL,1,2,1,'Generica');
INSERT INTO `Configuraciones_vacantes` (`nombre`, `observaciones`, `estado`, `fk_organismo_id`, `fk_programa_id`, `tipo_vacante`) VALUES ('Sala 4 (Mañana)',NULL,1,2,1,'Generica');
INSERT INTO `Configuraciones_vacantes` (`nombre`, `observaciones`, `estado`, `fk_organismo_id`, `fk_programa_id`, `tipo_vacante`) VALUES ('Sala 4 (Tarde)',NULL,1,2,1,'Generica');
INSERT INTO `Configuraciones_vacantes` (`nombre`, `observaciones`, `estado`, `fk_organismo_id`, `fk_programa_id`, `tipo_vacante`) VALUES ('Sala 7 (Mañana)',NULL,1,2,1,'Generica');
INSERT INTO `Configuraciones_vacantes` (`nombre`, `observaciones`, `estado`, `fk_organismo_id`, `fk_programa_id`, `tipo_vacante`) VALUES ('Sala 7 (Tarde)',NULL,1,2,1,'Generica');
INSERT INTO `Configuraciones_vacantes` (`nombre`, `observaciones`, `estado`, `fk_organismo_id`, `fk_programa_id`, `tipo_vacante`) VALUES ('Sala 1/ bebés (Mañana)',NULL,1,3,1,'Generica');
INSERT INTO `Configuraciones_vacantes` (`nombre`, `observaciones`, `estado`, `fk_organismo_id`, `fk_programa_id`, `tipo_vacante`) VALUES ('Sala 1/ bebés (Tarde)',NULL,1,3,1,'Generica');
INSERT INTO `Configuraciones_vacantes` (`nombre`, `observaciones`, `estado`, `fk_organismo_id`, `fk_programa_id`, `tipo_vacante`) VALUES ('Sala 2 (Mañana)',NULL,1,3,1,'Generica');
INSERT INTO `Configuraciones_vacantes` (`nombre`, `observaciones`, `estado`, `fk_organismo_id`, `fk_programa_id`, `tipo_vacante`) VALUES ('Sala 2 (Tarde)',NULL,1,3,1,'Generica');
INSERT INTO `Configuraciones_vacantes` (`nombre`, `observaciones`, `estado`, `fk_organismo_id`, `fk_programa_id`, `tipo_vacante`) VALUES ('Sala 3 (Mañana)',NULL,1,3,1,'Generica');
INSERT INTO `Configuraciones_vacantes` (`nombre`, `observaciones`, `estado`, `fk_organismo_id`, `fk_programa_id`, `tipo_vacante`) VALUES ('Sala 3 (Tarde)',NULL,1,3,1,'Generica');
INSERT INTO `Configuraciones_vacantes` (`nombre`, `observaciones`, `estado`, `fk_organismo_id`, `fk_programa_id`, `tipo_vacante`) VALUES ('Sala 1/ bebés (Mañana)',NULL,1,4,1,'Generica');
INSERT INTO `Configuraciones_vacantes` (`nombre`, `observaciones`, `estado`, `fk_organismo_id`, `fk_programa_id`, `tipo_vacante`) VALUES ('Sala 1/ bebés (Tarde)',NULL,1,4,1,'Generica');
INSERT INTO `Configuraciones_vacantes` (`nombre`, `observaciones`, `estado`, `fk_organismo_id`, `fk_programa_id`, `tipo_vacante`) VALUES ('Sala 2 (Mañana)',NULL,1,4,1,'Generica');
INSERT INTO `Configuraciones_vacantes` (`nombre`, `observaciones`, `estado`, `fk_organismo_id`, `fk_programa_id`, `tipo_vacante`) VALUES ('Sala 2 (Tarde)',NULL,1,4,1,'Generica');
INSERT INTO `Configuraciones_vacantes` (`nombre`, `observaciones`, `estado`, `fk_organismo_id`, `fk_programa_id`, `tipo_vacante`) VALUES ('Sala 3 (Mañana)',NULL,1,4,1,'Generica');
INSERT INTO `Configuraciones_vacantes` (`nombre`, `observaciones`, `estado`, `fk_organismo_id`, `fk_programa_id`, `tipo_vacante`) VALUES ('Sala 3 (Tarde)',NULL,1,4,1,'Generica');
INSERT INTO `Configuraciones_vacantes` (`nombre`, `observaciones`, `estado`, `fk_organismo_id`, `fk_programa_id`, `tipo_vacante`) VALUES ('Sala 1/ bebés (Mañana)',NULL,1,5,1,'Generica');
INSERT INTO `Configuraciones_vacantes` (`nombre`, `observaciones`, `estado`, `fk_organismo_id`, `fk_programa_id`, `tipo_vacante`) VALUES ('Sala 1/ bebés (Tarde)',NULL,1,5,1,'Generica');
INSERT INTO `Configuraciones_vacantes` (`nombre`, `observaciones`, `estado`, `fk_organismo_id`, `fk_programa_id`, `tipo_vacante`) VALUES ('Sala 2 (Mañana)',NULL,1,5,1,'Generica');
INSERT INTO `Configuraciones_vacantes` (`nombre`, `observaciones`, `estado`, `fk_organismo_id`, `fk_programa_id`, `tipo_vacante`) VALUES ('Sala 2 (Tarde)',NULL,1,5,1,'Generica');
INSERT INTO `Configuraciones_vacantes` (`nombre`, `observaciones`, `estado`, `fk_organismo_id`, `fk_programa_id`, `tipo_vacante`) VALUES ('Sala 3 (Mañana)',NULL,1,5,1,'Generica');
INSERT INTO `Configuraciones_vacantes` (`nombre`, `observaciones`, `estado`, `fk_organismo_id`, `fk_programa_id`, `tipo_vacante`) VALUES ('Sala 3 (Tarde)',NULL,1,5,1,'Generica');
INSERT INTO `Configuraciones_vacantes` (`nombre`, `observaciones`, `estado`, `fk_organismo_id`, `fk_programa_id`, `tipo_vacante`) VALUES ('Sala 1/ bebés (Mañana)',NULL,1,6,1,'Generica');
INSERT INTO `Configuraciones_vacantes` (`nombre`, `observaciones`, `estado`, `fk_organismo_id`, `fk_programa_id`, `tipo_vacante`) VALUES ('Sala 1/ bebés (Tarde)',NULL,1,6,1,'Generica');
INSERT INTO `Configuraciones_vacantes` (`nombre`, `observaciones`, `estado`, `fk_organismo_id`, `fk_programa_id`, `tipo_vacante`) VALUES ('Sala 2 (Mañana)',NULL,1,6,1,'Generica');
INSERT INTO `Configuraciones_vacantes` (`nombre`, `observaciones`, `estado`, `fk_organismo_id`, `fk_programa_id`, `tipo_vacante`) VALUES ('Sala 2 (Tarde)',NULL,1,6,1,'Generica');
INSERT INTO `Configuraciones_vacantes` (`nombre`, `observaciones`, `estado`, `fk_organismo_id`, `fk_programa_id`, `tipo_vacante`) VALUES ('Sala 3 (Mañana)',NULL,1,6,1,'Generica');
INSERT INTO `Configuraciones_vacantes` (`nombre`, `observaciones`, `estado`, `fk_organismo_id`, `fk_programa_id`, `tipo_vacante`) VALUES ('Sala 3 (Tarde)',NULL,1,6,1,'Generica');
INSERT INTO `Configuraciones_vacantes` (`nombre`, `observaciones`, `estado`, `fk_organismo_id`, `fk_programa_id`, `tipo_vacante`) VALUES ('Sala 1/ bebés (Tarde)',NULL,1,10,1,'Generica');
INSERT INTO `Configuraciones_vacantes` (`nombre`, `observaciones`, `estado`, `fk_organismo_id`, `fk_programa_id`, `tipo_vacante`) VALUES ('Sala 2 (Tarde)',NULL,1,10,1,'Generica');
INSERT INTO `Configuraciones_vacantes` (`nombre`, `observaciones`, `estado`, `fk_organismo_id`, `fk_programa_id`, `tipo_vacante`) VALUES ('Sala 3 (Tarde)',NULL,1,10,1,'Generica');
INSERT INTO `Configuraciones_vacantes` (`nombre`, `observaciones`, `estado`, `fk_organismo_id`, `fk_programa_id`, `tipo_vacante`) VALUES ('Sala 1/ bebés (Mañana)',NULL,1,7,1,'Generica');
INSERT INTO `Configuraciones_vacantes` (`nombre`, `observaciones`, `estado`, `fk_organismo_id`, `fk_programa_id`, `tipo_vacante`) VALUES ('Sala 2 (Mañana)',NULL,1,7,1,'Generica');
INSERT INTO `Configuraciones_vacantes` (`nombre`, `observaciones`, `estado`, `fk_organismo_id`, `fk_programa_id`, `tipo_vacante`) VALUES ('Sala 3 (Mañana)',NULL,1,7,1,'Generica');
INSERT INTO `Configuraciones_vacantes` (`nombre`, `observaciones`, `estado`, `fk_organismo_id`, `fk_programa_id`, `tipo_vacante`) VALUES ('Sala 1/ bebés (Mañana)',NULL,1,8,1,'Generica');
INSERT INTO `Configuraciones_vacantes` (`nombre`, `observaciones`, `estado`, `fk_organismo_id`, `fk_programa_id`, `tipo_vacante`) VALUES ('Sala 1/ bebés (Tarde)',NULL,1,8,1,'Generica');
INSERT INTO `Configuraciones_vacantes` (`nombre`, `observaciones`, `estado`, `fk_organismo_id`, `fk_programa_id`, `tipo_vacante`) VALUES ('Sala 2 (Mañana)',NULL,1,8,1,'Generica');
INSERT INTO `Configuraciones_vacantes` (`nombre`, `observaciones`, `estado`, `fk_organismo_id`, `fk_programa_id`, `tipo_vacante`) VALUES ('Sala 2 (Tarde)',NULL,1,8,1,'Generica');
INSERT INTO `Configuraciones_vacantes` (`nombre`, `observaciones`, `estado`, `fk_organismo_id`, `fk_programa_id`, `tipo_vacante`) VALUES ('Sala 3 (Mañana)',NULL,1,8,1,'Generica');
INSERT INTO `Configuraciones_vacantes` (`nombre`, `observaciones`, `estado`, `fk_organismo_id`, `fk_programa_id`, `tipo_vacante`) VALUES ('Sala 3 (Tarde)',NULL,1,8,1,'Generica');
INSERT INTO `Configuraciones_vacantes` (`nombre`, `observaciones`, `estado`, `fk_organismo_id`, `fk_programa_id`, `tipo_vacante`) VALUES ('Sala 1/ bebés (Mañana)',NULL,1,9,1,'Generica');
INSERT INTO `Configuraciones_vacantes` (`nombre`, `observaciones`, `estado`, `fk_organismo_id`, `fk_programa_id`, `tipo_vacante`) VALUES ('Sala 1/ bebés (Tarde)',NULL,1,9,1,'Generica');
INSERT INTO `Configuraciones_vacantes` (`nombre`, `observaciones`, `estado`, `fk_organismo_id`, `fk_programa_id`, `tipo_vacante`) VALUES ('Sala 2 (Mañana)',NULL,1,9,1,'Generica');
INSERT INTO `Configuraciones_vacantes` (`nombre`, `observaciones`, `estado`, `fk_organismo_id`, `fk_programa_id`, `tipo_vacante`) VALUES ('Sala 2 (Tarde)',NULL,1,9,1,'Generica');
INSERT INTO `Configuraciones_vacantes` (`nombre`, `observaciones`, `estado`, `fk_organismo_id`, `fk_programa_id`, `tipo_vacante`) VALUES ('Sala 3 (Mañana)',NULL,1,9,1,'Generica');
INSERT INTO `Configuraciones_vacantes` (`nombre`, `observaciones`, `estado`, `fk_organismo_id`, `fk_programa_id`, `tipo_vacante`) VALUES ('Sala 3 (Tarde)',NULL,1,9,1,'Generica');
INSERT INTO `Configuraciones_vacantes` (`nombre`, `observaciones`, `estado`, `fk_organismo_id`, `fk_programa_id`, `tipo_vacante`) VALUES ('Barrufaldi',NULL,1,93,2,'Generica');
INSERT INTO `Configuraciones_vacantes` (`nombre`, `observaciones`, `estado`, `fk_organismo_id`, `fk_programa_id`, `tipo_vacante`) VALUES ('Madre Esperanza',NULL,1,94,2,'Generica');
INSERT INTO `Configuraciones_vacantes` (`nombre`, `observaciones`, `estado`, `fk_organismo_id`, `fk_programa_id`, `tipo_vacante`) VALUES ('Mitre (360)',NULL,1,95,5,'Generica');
INSERT INTO `Configuraciones_vacantes` (`nombre`, `observaciones`, `estado`, `fk_organismo_id`, `fk_programa_id`, `tipo_vacante`) VALUES ('Parque La Luz',NULL,1,96,2,'Generica');
INSERT INTO `Configuraciones_vacantes` (`nombre`, `observaciones`, `estado`, `fk_organismo_id`, `fk_programa_id`, `tipo_vacante`) VALUES ('Santa Brigida',NULL,1,97,2,'Generica');
INSERT INTO `Configuraciones_vacantes` (`nombre`, `observaciones`, `estado`, `fk_organismo_id`, `fk_programa_id`, `tipo_vacante`) VALUES ('Trujui',NULL,1,98,2,'Generica');
INSERT INTO `Configuraciones_vacantes` (`nombre`, `observaciones`, `estado`, `fk_organismo_id`, `fk_programa_id`, `tipo_vacante`) VALUES ('Mitre (360)',NULL,1,45,7,'Generica');
INSERT INTO `Configuraciones_vacantes` (`nombre`, `observaciones`, `estado`, `fk_organismo_id`, `fk_programa_id`, `tipo_vacante`) VALUES ('Trujui',NULL,1,46,7,'Generica');
INSERT INTO `Configuraciones_vacantes` (`nombre`, `observaciones`, `estado`, `fk_organismo_id`, `fk_programa_id`, `tipo_vacante`) VALUES ('Don Alfonso',NULL,1,47,7,'Generica');
INSERT INTO `Configuraciones_vacantes` (`nombre`, `observaciones`, `estado`, `fk_organismo_id`, `fk_programa_id`, `tipo_vacante`) VALUES ('San Ambrosio',NULL,1,48,7,'Generica');
INSERT INTO `Configuraciones_vacantes` (`nombre`, `observaciones`, `estado`, `fk_organismo_id`, `fk_programa_id`, `tipo_vacante`) VALUES ('Obligado',NULL,1,49,7,'Generica');
INSERT INTO `Configuraciones_vacantes` (`nombre`, `observaciones`, `estado`, `fk_organismo_id`, `fk_programa_id`, `tipo_vacante`) VALUES ('Don Alfonso',NULL,1,50,6,'Generica');
INSERT INTO `Configuraciones_vacantes` (`nombre`, `observaciones`, `estado`, `fk_organismo_id`, `fk_programa_id`, `tipo_vacante`) VALUES ('Obligado',NULL,1,51,6,'Generica');
INSERT INTO `Configuraciones_vacantes` (`nombre`, `observaciones`, `estado`, `fk_organismo_id`, `fk_programa_id`, `tipo_vacante`) VALUES ('San Jorge',NULL,1,52,6,'Generica');
INSERT INTO `Configuraciones_vacantes` (`nombre`, `observaciones`, `estado`, `fk_organismo_id`, `fk_programa_id`, `tipo_vacante`) VALUES ('San Ambrosio',NULL,1,53,6,'Generica');
INSERT INTO `Configuraciones_vacantes` (`nombre`, `observaciones`, `estado`, `fk_organismo_id`, `fk_programa_id`, `tipo_vacante`) VALUES ('Santa Brigida',NULL,1,54,6,'Generica');
INSERT INTO `Configuraciones_vacantes` (`nombre`, `observaciones`, `estado`, `fk_organismo_id`, `fk_programa_id`, `tipo_vacante`) VALUES ('Zona 1',NULL,1,65,15,'Stock');
INSERT INTO `Configuraciones_vacantes` (`nombre`, `observaciones`, `estado`, `fk_organismo_id`, `fk_programa_id`, `tipo_vacante`) VALUES ('Zona 2',NULL,1,66,15,'Stock');
INSERT INTO `Configuraciones_vacantes` (`nombre`, `observaciones`, `estado`, `fk_organismo_id`, `fk_programa_id`, `tipo_vacante`) VALUES ('Zona 3',NULL,1,67,15,'Stock');
INSERT INTO `Configuraciones_vacantes` (`nombre`, `observaciones`, `estado`, `fk_organismo_id`, `fk_programa_id`, `tipo_vacante`) VALUES ('Zona 4',NULL,1,68,15,'Stock');
INSERT INTO `Configuraciones_vacantes` (`nombre`, `observaciones`, `estado`, `fk_organismo_id`, `fk_programa_id`, `tipo_vacante`) VALUES ('Zona 5',NULL,1,69,15,'Stock');
INSERT INTO `Configuraciones_vacantes` (`nombre`, `observaciones`, `estado`, `fk_organismo_id`, `fk_programa_id`, `tipo_vacante`) VALUES ('Zona 6',NULL,1,70,15,'Stock');
INSERT INTO `Configuraciones_vacantes` (`nombre`, `observaciones`, `estado`, `fk_organismo_id`, `fk_programa_id`, `tipo_vacante`) VALUES ('Zona 7',NULL,1,71,15,'Stock');
INSERT INTO `Configuraciones_vacantes` (`nombre`, `observaciones`, `estado`, `fk_organismo_id`, `fk_programa_id`, `tipo_vacante`) VALUES ('Zona 8',NULL,1,72,15,'Stock');
INSERT INTO `Configuraciones_vacantes` (`nombre`, `observaciones`, `estado`, `fk_organismo_id`, `fk_programa_id`, `tipo_vacante`) VALUES ('Zona 9',NULL,1,73,15,'Stock');
INSERT INTO `Configuraciones_vacantes` (`nombre`, `observaciones`, `estado`, `fk_organismo_id`, `fk_programa_id`, `tipo_vacante`) VALUES ('Zona 10',NULL,1,74,15,'Stock');
INSERT INTO `Configuraciones_vacantes` (`nombre`, `observaciones`, `estado`, `fk_organismo_id`, `fk_programa_id`, `tipo_vacante`) VALUES ('Zona 11',NULL,1,75,15,'Stock');
INSERT INTO `Configuraciones_vacantes` (`nombre`, `observaciones`, `estado`, `fk_organismo_id`, `fk_programa_id`, `tipo_vacante`) VALUES ('Zona 12',NULL,1,76,15,'Stock');
INSERT INTO `Configuraciones_vacantes` (`nombre`, `observaciones`, `estado`, `fk_organismo_id`, `fk_programa_id`, `tipo_vacante`) VALUES ('Zona 13',NULL,1,77,15,'Stock');
INSERT INTO `Configuraciones_vacantes` (`nombre`, `observaciones`, `estado`, `fk_organismo_id`, `fk_programa_id`, `tipo_vacante`) VALUES ('Zona 14',NULL,1,78,15,'Stock');
INSERT INTO `Configuraciones_vacantes` (`nombre`, `observaciones`, `estado`, `fk_organismo_id`, `fk_programa_id`, `tipo_vacante`) VALUES ('Zona 15',NULL,1,79,15,'Stock');
INSERT INTO `Configuraciones_vacantes` (`nombre`, `observaciones`, `estado`, `fk_organismo_id`, `fk_programa_id`, `tipo_vacante`) VALUES ('Zona 16',NULL,1,80,15,'Stock');
INSERT INTO `Configuraciones_vacantes` (`nombre`, `observaciones`, `estado`, `fk_organismo_id`, `fk_programa_id`, `tipo_vacante`) VALUES ('Zona 17',NULL,1,81,15,'Stock');
INSERT INTO `Configuraciones_vacantes` (`nombre`, `observaciones`, `estado`, `fk_organismo_id`, `fk_programa_id`, `tipo_vacante`) VALUES ('Zona 18',NULL,1,82,15,'Stock');
INSERT INTO `Configuraciones_vacantes` (`nombre`, `observaciones`, `estado`, `fk_organismo_id`, `fk_programa_id`, `tipo_vacante`) VALUES ('Zona 19',NULL,1,83,15,'Stock');
INSERT INTO `Configuraciones_vacantes` (`nombre`, `observaciones`, `estado`, `fk_organismo_id`, `fk_programa_id`, `tipo_vacante`) VALUES ('Zona 20',NULL,1,84,15,'Stock');
INSERT INTO `Configuraciones_vacantes` (`nombre`, `observaciones`, `estado`, `fk_organismo_id`, `fk_programa_id`, `tipo_vacante`) VALUES ('Zona 21',NULL,1,85,15,'Stock');
INSERT INTO `Configuraciones_vacantes` (`nombre`, `observaciones`, `estado`, `fk_organismo_id`, `fk_programa_id`, `tipo_vacante`) VALUES ('Zona 22',NULL,1,86,15,'Stock');
INSERT INTO `Configuraciones_vacantes` (`nombre`, `observaciones`, `estado`, `fk_organismo_id`, `fk_programa_id`, `tipo_vacante`) VALUES ('Zona 23',NULL,1,87,15,'Stock');
INSERT INTO `Configuraciones_vacantes` (`nombre`, `observaciones`, `estado`, `fk_organismo_id`, `fk_programa_id`, `tipo_vacante`) VALUES ('Zona 24',NULL,1,88,15,'Stock');
INSERT INTO `Configuraciones_vacantes` (`nombre`, `observaciones`, `estado`, `fk_organismo_id`, `fk_programa_id`, `tipo_vacante`) VALUES ('Zona 25',NULL,1,89,15,'Stock');
INSERT INTO `Configuraciones_vacantes` (`nombre`, `observaciones`, `estado`, `fk_organismo_id`, `fk_programa_id`, `tipo_vacante`) VALUES ('Zona 26',NULL,1,90,15,'Stock');
INSERT INTO `Configuraciones_vacantes` (`nombre`, `observaciones`, `estado`, `fk_organismo_id`, `fk_programa_id`, `tipo_vacante`) VALUES ('Zona 27',NULL,1,91,15,'Stock');
INSERT INTO `Configuraciones_vacantes` (`nombre`, `observaciones`, `estado`, `fk_organismo_id`, `fk_programa_id`, `tipo_vacante`) VALUES ('Zona 28',NULL,1,92,15,'Stock');

INSERT INTO `Configuraciones_categoriaalertas` (`id`,`nombre`, `dimension`, `estado`) VALUES (1,'Bajo nivel de Ingresos','ECONOMIA',1);
INSERT INTO `Configuraciones_categoriaalertas` (`id`,`nombre`, `dimension`, `estado`) VALUES (2,'Dependencia del ingreso','ECONOMIA',1);
INSERT INTO `Configuraciones_categoriaalertas` (`id`,`nombre`, `dimension`, `estado`) VALUES (3,'Carencia educativas','EDUCACIÓN ',1);
INSERT INTO `Configuraciones_categoriaalertas` (`id`,`nombre`, `dimension`, `estado`) VALUES (4,'Riesgo de abandono escolar','EDUCACIÓN ',1);
INSERT INTO `Configuraciones_categoriaalertas` (`id`,`nombre`, `dimension`, `estado`) VALUES (5,'Riesgo en la crianza','FAMILIA',1);
INSERT INTO `Configuraciones_categoriaalertas` (`id`,`nombre`, `dimension`, `estado`) VALUES (6,'Sin documentacion','FAMILIA',1);
INSERT INTO `Configuraciones_categoriaalertas` (`id`,`nombre`, `dimension`, `estado`) VALUES (7,'Vulneracion de derechos','FAMILIA',1);
INSERT INTO `Configuraciones_categoriaalertas` (`id`,`nombre`, `dimension`, `estado`) VALUES (8,'Desnutricion','SALUD',1);
INSERT INTO `Configuraciones_categoriaalertas` (`id`,`nombre`, `dimension`, `estado`) VALUES (9,'Embarazo de riesgo','SALUD',1);
INSERT INTO `Configuraciones_categoriaalertas` (`id`,`nombre`, `dimension`, `estado`) VALUES (10,'Carencia de controles de salud','SALUD',1);
INSERT INTO `Configuraciones_categoriaalertas` (`id`,`nombre`, `dimension`, `estado`) VALUES (11,'Salud mental comprometida','SALUD',1);
INSERT INTO `Configuraciones_categoriaalertas` (`id`,`nombre`, `dimension`, `estado`) VALUES (12,'Discapacidad','SALUD',1);
INSERT INTO `Configuraciones_categoriaalertas` (`id`,`nombre`, `dimension`, `estado`) VALUES (13,'Carencia de cuidados','SALUD',1);
INSERT INTO `Configuraciones_categoriaalertas` (`id`,`nombre`, `dimension`, `estado`) VALUES (14,'Trabajo afectado','TRABAJO',1);
INSERT INTO `Configuraciones_categoriaalertas` (`id`,`nombre`, `dimension`, `estado`) VALUES (15,'Hacinamiento','VIVIENDA',1);
INSERT INTO `Configuraciones_categoriaalertas` (`id`,`nombre`, `dimension`, `estado`) VALUES (16,'Precariedad habitacional','VIVIENDA',1);


INSERT INTO `Configuraciones_alertas` (`nombre`, `estado`, `fk_categoria_id`, `gravedad`) VALUES ('Ingresos bajo linea de indigencia',1,1,'Importante');
INSERT INTO `Configuraciones_alertas` (`nombre`, `estado`, `fk_categoria_id`, `gravedad`) VALUES ('Ingresos bajo linea de pobreza',1,1,'Importante');
INSERT INTO `Configuraciones_alertas` (`nombre`, `estado`, `fk_categoria_id`, `gravedad`) VALUES ('Sostenimiento solo por planes',1,2,'Importante');
INSERT INTO `Configuraciones_alertas` (`nombre`, `estado`, `fk_categoria_id`, `gravedad`) VALUES ('Abandono escolar',1,3,'Alarma Critica');
INSERT INTO `Configuraciones_alertas` (`nombre`, `estado`, `fk_categoria_id`, `gravedad`) VALUES ('Adulto con primaria incompleta',1,3,'Precaucion');
INSERT INTO `Configuraciones_alertas` (`nombre`, `estado`, `fk_categoria_id`, `gravedad`) VALUES ('Adulto con secundaria incompleta',1,3,'Precaucion');
INSERT INTO `Configuraciones_alertas` (`nombre`, `estado`, `fk_categoria_id`, `gravedad`) VALUES ('Analfabetismo',1,3,'Alarma Critica');
INSERT INTO `Configuraciones_alertas` (`nombre`, `estado`, `fk_categoria_id`, `gravedad`) VALUES ('Falta de autogestion',1,3,'Importante');
INSERT INTO `Configuraciones_alertas` (`nombre`, `estado`, `fk_categoria_id`, `gravedad`) VALUES ('Ausentismo Escolar Crónico',1,4,'Importante');
INSERT INTO `Configuraciones_alertas` (`nombre`, `estado`, `fk_categoria_id`, `gravedad`) VALUES ('Interrupción Escolaridad',1,4,'Precaucion');
INSERT INTO `Configuraciones_alertas` (`nombre`, `estado`, `fk_categoria_id`, `gravedad`) VALUES ('Abandono',1,5,'Importante');
INSERT INTO `Configuraciones_alertas` (`nombre`, `estado`, `fk_categoria_id`, `gravedad`) VALUES ('Crianza en soledad',1,5,'Precaucion');
INSERT INTO `Configuraciones_alertas` (`nombre`, `estado`, `fk_categoria_id`, `gravedad`) VALUES ('Falta de cuidados',1,5,'Precaucion');
INSERT INTO `Configuraciones_alertas` (`nombre`, `estado`, `fk_categoria_id`, `gravedad`) VALUES ('Familia Disfuncional',1,5,'Precaucion');
INSERT INTO `Configuraciones_alertas` (`nombre`, `estado`, `fk_categoria_id`, `gravedad`) VALUES ('Migrantes',1,5,'Precaucion');
INSERT INTO `Configuraciones_alertas` (`nombre`, `estado`, `fk_categoria_id`, `gravedad`) VALUES ('Madre Ausente',1,5,'Precaucion');
INSERT INTO `Configuraciones_alertas` (`nombre`, `estado`, `fk_categoria_id`, `gravedad`) VALUES ('Niño con medida de abrigo',1,5,'Alarma Critica');
INSERT INTO `Configuraciones_alertas` (`nombre`, `estado`, `fk_categoria_id`, `gravedad`) VALUES ('Niño con progenitor victima de violencia de genero',1,5,'Importante');
INSERT INTO `Configuraciones_alertas` (`nombre`, `estado`, `fk_categoria_id`, `gravedad`) VALUES ('Padre Ausente',1,5,'Precaucion');
INSERT INTO `Configuraciones_alertas` (`nombre`, `estado`, `fk_categoria_id`, `gravedad`) VALUES ('Progenitor privado de su libertad cumpliendo condena',1,5,'Precaucion');
INSERT INTO `Configuraciones_alertas` (`nombre`, `estado`, `fk_categoria_id`, `gravedad`) VALUES ('Progenitor con condena cumplida recientemente',1,5,'Importante');
INSERT INTO `Configuraciones_alertas` (`nombre`, `estado`, `fk_categoria_id`, `gravedad`) VALUES ('Familiar conviviente privado de su libertad cumpliendo condena',1,5,'Precaucion');
INSERT INTO `Configuraciones_alertas` (`nombre`, `estado`, `fk_categoria_id`, `gravedad`) VALUES ('Familiar conviviente con condena cumplida recientemente',1,5,'Importante');
INSERT INTO `Configuraciones_alertas` (`nombre`, `estado`, `fk_categoria_id`, `gravedad`) VALUES ('Persona privada de su libertad cumpliendo condena',1,5,'Alarma Critica');
INSERT INTO `Configuraciones_alertas` (`nombre`, `estado`, `fk_categoria_id`, `gravedad`) VALUES ('Persona con condena cumplida recientemente',1,5,'Importante');
INSERT INTO `Configuraciones_alertas` (`nombre`, `estado`, `fk_categoria_id`, `gravedad`) VALUES ('DNI desactualizado',1,6,'Precaucion');
INSERT INTO `Configuraciones_alertas` (`nombre`, `estado`, `fk_categoria_id`, `gravedad`) VALUES ('Sin certificado de discapacidad',1,6,'Importante');
INSERT INTO `Configuraciones_alertas` (`nombre`, `estado`, `fk_categoria_id`, `gravedad`) VALUES ('Sin DNI',1,6,'Precaucion');
INSERT INTO `Configuraciones_alertas` (`nombre`, `estado`, `fk_categoria_id`, `gravedad`) VALUES ('Sospecha Violencia familiar',1,7,'Alarma Critica');
INSERT INTO `Configuraciones_alertas` (`nombre`, `estado`, `fk_categoria_id`, `gravedad`) VALUES ('Sospecha ASI',1,7,'Alarma Critica');
INSERT INTO `Configuraciones_alertas` (`nombre`, `estado`, `fk_categoria_id`, `gravedad`) VALUES ('Sospecha Abuso Sexual',1,7,'Alarma Critica');
INSERT INTO `Configuraciones_alertas` (`nombre`, `estado`, `fk_categoria_id`, `gravedad`) VALUES ('Sospecha maltrato infantil',1,7,'Alarma Critica');
INSERT INTO `Configuraciones_alertas` (`nombre`, `estado`, `fk_categoria_id`, `gravedad`) VALUES ('Negligencia',1,7,'Importante');
INSERT INTO `Configuraciones_alertas` (`nombre`, `estado`, `fk_categoria_id`, `gravedad`) VALUES ('Victima de violencia de genero',1,7,'Alarma Critica');
INSERT INTO `Configuraciones_alertas` (`nombre`, `estado`, `fk_categoria_id`, `gravedad`) VALUES ('Alimentación Insuficiente',1,8,'Alarma Critica');
INSERT INTO `Configuraciones_alertas` (`nombre`, `estado`, `fk_categoria_id`, `gravedad`) VALUES ('Antecedente de parto prematuro',1,9,'Precaucion');
INSERT INTO `Configuraciones_alertas` (`nombre`, `estado`, `fk_categoria_id`, `gravedad`) VALUES ('Antecedente de perdida de embarazo reiteradas',1,9,'Importante');
INSERT INTO `Configuraciones_alertas` (`nombre`, `estado`, `fk_categoria_id`, `gravedad`) VALUES ('Embarazada con algun diagnostico o enfermedad cronica (Sifilis, VIH, Diabetes, tiroide)',1,9,'Precaucion');
INSERT INTO `Configuraciones_alertas` (`nombre`, `estado`, `fk_categoria_id`, `gravedad`) VALUES ('embarazada con consumo',1,9,'Alarma Critica');
INSERT INTO `Configuraciones_alertas` (`nombre`, `estado`, `fk_categoria_id`, `gravedad`) VALUES ('embarazada con escasos controles',1,9,'Importante');
INSERT INTO `Configuraciones_alertas` (`nombre`, `estado`, `fk_categoria_id`, `gravedad`) VALUES ('embarazada con preexistencias de riesgo',1,9,'Importante');
INSERT INTO `Configuraciones_alertas` (`nombre`, `estado`, `fk_categoria_id`, `gravedad`) VALUES ('embarazada sin controles',1,9,'Alarma Critica');
INSERT INTO `Configuraciones_alertas` (`nombre`, `estado`, `fk_categoria_id`, `gravedad`) VALUES ('Menor de edad embarazada',1,9,'Alarma Critica');
INSERT INTO `Configuraciones_alertas` (`nombre`, `estado`, `fk_categoria_id`, `gravedad`) VALUES ('Calendario de vacunación desactualizado',1,10,'Precaucion');
INSERT INTO `Configuraciones_alertas` (`nombre`, `estado`, `fk_categoria_id`, `gravedad`) VALUES ('Diagnóstico de enfermedad recurrente o crónica',1,10,'Precaucion');
INSERT INTO `Configuraciones_alertas` (`nombre`, `estado`, `fk_categoria_id`, `gravedad`) VALUES ('Controles pediátricos escasos',1,10,'Precaucion');
INSERT INTO `Configuraciones_alertas` (`nombre`, `estado`, `fk_categoria_id`, `gravedad`) VALUES ('Ausencia a turno de controles Clínicos',1,10,'Precaucion');
INSERT INTO `Configuraciones_alertas` (`nombre`, `estado`, `fk_categoria_id`, `gravedad`) VALUES ('Sin controles pediatricos',1,10,'Importante');
INSERT INTO `Configuraciones_alertas` (`nombre`, `estado`, `fk_categoria_id`, `gravedad`) VALUES ('Sin controles clinicos',1,10,'Importante');
INSERT INTO `Configuraciones_alertas` (`nombre`, `estado`, `fk_categoria_id`, `gravedad`) VALUES ('Comportamientos autolesivos',1,11,'Alarma Critica');
INSERT INTO `Configuraciones_alertas` (`nombre`, `estado`, `fk_categoria_id`, `gravedad`) VALUES ('Diagnóstico de salud mental',1,11,'Importante');
INSERT INTO `Configuraciones_alertas` (`nombre`, `estado`, `fk_categoria_id`, `gravedad`) VALUES ('Intento de suicidio/Ideación suicida',1,11,'Alarma Critica');
INSERT INTO `Configuraciones_alertas` (`nombre`, `estado`, `fk_categoria_id`, `gravedad`) VALUES ('Sospecha Consumo de sustancias',1,11,'Importante');
INSERT INTO `Configuraciones_alertas` (`nombre`, `estado`, `fk_categoria_id`, `gravedad`) VALUES ('Trastorno Alimentario',1,11,'Precaucion');
INSERT INTO `Configuraciones_alertas` (`nombre`, `estado`, `fk_categoria_id`, `gravedad`) VALUES ('Trastorno de conducta',1,11,'Importante');
INSERT INTO `Configuraciones_alertas` (`nombre`, `estado`, `fk_categoria_id`, `gravedad`) VALUES ('Discapacidad',1,12,'Importante');
INSERT INTO `Configuraciones_alertas` (`nombre`, `estado`, `fk_categoria_id`, `gravedad`) VALUES ('Falta de cuidados en la crianza',1,13,'Precaucion');
INSERT INTO `Configuraciones_alertas` (`nombre`, `estado`, `fk_categoria_id`, `gravedad`) VALUES ('Falta de Higiene',1,13,'Precaucion');
INSERT INTO `Configuraciones_alertas` (`nombre`, `estado`, `fk_categoria_id`, `gravedad`) VALUES ('Sin trabajo',1,14,'Importante');
INSERT INTO `Configuraciones_alertas` (`nombre`, `estado`, `fk_categoria_id`, `gravedad`) VALUES ('Trabajo precario',1,14,'Precaucion');
INSERT INTO `Configuraciones_alertas` (`nombre`, `estado`, `fk_categoria_id`, `gravedad`) VALUES ('Cama/Colchon compartido',1,15,'Precaucion');
INSERT INTO `Configuraciones_alertas` (`nombre`, `estado`, `fk_categoria_id`, `gravedad`) VALUES ('Hacinamiento agudo',1,15,'Importante');
INSERT INTO `Configuraciones_alertas` (`nombre`, `estado`, `fk_categoria_id`, `gravedad`) VALUES ('Hacinamiento moderado',1,15,'Precaucion');
INSERT INTO `Configuraciones_alertas` (`nombre`, `estado`, `fk_categoria_id`, `gravedad`) VALUES ('Precariedad habitacional grave',1,16,'Importante');
INSERT INTO `Configuraciones_alertas` (`nombre`, `estado`, `fk_categoria_id`, `gravedad`) VALUES ('Precariedad habitacional moderada',1,16,'Precaucion');
INSERT INTO `Configuraciones_alertas` (`nombre`, `estado`, `fk_categoria_id`, `gravedad`) VALUES ('Situación de Calle',1,16,'Alarma Critica');